,,
884,Sep,13 22:54 .
748,Sep,8 12:32 ..
42,Aug,14 20:19 .bowerrc
510,Sep,13 22:56 .git
176,Sep,13 19:43 .gitignore
6220,Aug,14 20:18 .jshintrc
204,Sep,13 19:43 .tmp
368,Aug,23 01:55 .travis-old.yml
97,Aug,23 01:55 .travis.yml
107,Aug,18 14:28 Procfile
306,Sep,10 20:13 app
474,Sep,10 13:41 bower.json
136,Aug,14 20:40 coverage
238,Aug,24 01:10 dist
238,Sep,8 19:11 gulp
113,Aug,14 20:18 gulpfile.js
704,Sep,13 01:04 index.js
15921,Aug,14 20:18 license.txt
87,Sep,12 16:10 log.txt
638,Aug,23 01:55 newrelic.js
26128,Sep,10 21:52 newrelic_agent.log
2210,Sep,13 00:48 node_modules
1069312,Sep,13 22:54 npm-debug.log
2548,Sep,13 01:03 package.json
4689,Aug,14 20:19 readme.md
102,Aug,14 20:18 test
